縣市,姓名,政黨,選舉年度,相關經歷,詳細資訊網址
宜蘭縣,陳福山,在野問政聯盟,2014,6.壯圍鄉農會11、12屆理事長。,https://councils.g0v.tw/councilors/info/80c2495ccd4e47e085375401edc5ff30/2014/
宜蘭縣,陳福山,無黨籍,2009,六、壯圍農會11、12屆理事長。,https://councils.g0v.tw/councilors/info/80c2495ccd4e47e085375401edc5ff30/2009/
宜蘭縣,吳宏謀,民主進步黨,2014,6.礁溪鄉農會理事、常務監事。,https://councils.g0v.tw/councilors/info/6b5b642e3944454e8d36200a4269b199/2014/
宜蘭縣,吳宏謀,民主進步黨,2009,礁溪鄉農會理事。|礁溪鄉農會常務監事。,https://councils.g0v.tw/councilors/info/6b5b642e3944454e8d36200a4269b199/2009/
宜蘭縣,吳宏謀,民主進步黨,2014,5.宜蘭農田水利會會員代表。,https://councils.g0v.tw/councilors/info/6b5b642e3944454e8d36200a4269b199/2014/
宜蘭縣,吳宏謀,民主進步黨,2009,宜蘭農田水利會會員代表。,https://councils.g0v.tw/councilors/info/6b5b642e3944454e8d36200a4269b199/2009/
宜蘭縣,吳宏謀,民主進步黨,2014,5.宜蘭農田水利會會員代表。,https://councils.g0v.tw/councilors/info/6b5b642e3944454e8d36200a4269b199/2014/
宜蘭縣,吳宏謀,民主進步黨,2009,宜蘭農田水利會會員代表。,https://councils.g0v.tw/councilors/info/6b5b642e3944454e8d36200a4269b199/2009/
新北市,石益,,1953,農會種畜場場長|農會理監事,https://councils.g0v.tw/councilors/info/50f68a40bb60409d85b4699179d1fade/1953/
新北市,石益,,1955,農會種畜場場長|農會理監事,https://councils.g0v.tw/councilors/info/50f68a40bb60409d85b4699179d1fade/1955/
新北市,石益,,1953,臺北市七星農田水利會代表,https://councils.g0v.tw/councilors/info/50f68a40bb60409d85b4699179d1fade/1953/
新北市,石益,,1955,臺北市七星農田水利會代表,https://councils.g0v.tw/councilors/info/50f68a40bb60409d85b4699179d1fade/1955/
新北市,石益,,1953,臺北市七星農田水利會代表,https://councils.g0v.tw/councilors/info/50f68a40bb60409d85b4699179d1fade/1953/
新北市,石益,,1955,臺北市七星農田水利會代表,https://councils.g0v.tw/councilors/info/50f68a40bb60409d85b4699179d1fade/1955/
新北市,藍文,,1946,農會理事長,https://councils.g0v.tw/councilors/info/5f94921173b949159188ef907600e091/1946/
桃園縣,李麗珠,,2009,龜山農會家政、四健會義務指導員,https://councils.g0v.tw/councilors/info/0721cec59623412b8ea35dca662190c2/2009/
宜蘭縣,黃定和,中國國民黨,2014,8.宜蘭市農會會員代表聯誼會會長。,https://councils.g0v.tw/councilors/info/f987ea6eaa9547d0bd9b3c0087e9b5ec/2014/
宜蘭縣,陳俊宇,民主進步黨,2014,2.員山鄉農會理事。,https://councils.g0v.tw/councilors/info/38bcbceb1ffd4ff5b8f0f2a32c1b174b/2014/
宜蘭縣,陳俊宇,民主進步黨,2014,5.大湖底休閒農業區發展協會常務理事。,https://councils.g0v.tw/councilors/info/38bcbceb1ffd4ff5b8f0f2a32c1b174b/2014/
宜蘭縣,林金龍,民主進步黨,2014,1.頭城鎮農會理事長。,https://councils.g0v.tw/councilors/info/0564c8f215e44082ab48aa83bc648edb/2014/
新北市,林詩仁,,1953,農會理事長,https://councils.g0v.tw/councilors/info/55c7d2dbffc344218a4f98ff8f6d6556/1953/
新北市,朱子孟,,1998,臺北縣農會理事|樹林農會理事,https://councils.g0v.tw/councilors/info/72c1f98e4c1d4cdbb6d8bb7932609e40/1998/
新北市,朱子孟,,2002,臺北縣農會理事|樹林農會理事,https://councils.g0v.tw/councilors/info/72c1f98e4c1d4cdbb6d8bb7932609e40/2002/
新北市,陳彩戀,,1951,社子地區農會創辦人,https://councils.g0v.tw/councilors/info/1ae01ff5a1ee436a803116074a22b9fc/1951/
嘉義縣,陳永法,,2009,六腳鄉農會退休 ,https://councils.g0v.tw/councilors/info/76b0a77f31bf4fe18f101763364811ab/2009/
新北市,鄭老埤,,1946,州農會技手,https://councils.g0v.tw/councilors/info/b5a66fcb4927433c94d70f6dfc42a507/1946/
新北市,蘇海水,,1946,臺北縣農會合作社聯合社理事,https://councils.g0v.tw/councilors/info/27d7440ea8824a6faa9dae77df8e4c42/1946/
臺北市,周英英,中國國民黨,1973,臺北市立松山國小教員、私立南松幼稚園主任、臺北市立高級農業職業學校教員。,https://councils.g0v.tw/councilors/info/23ac5bc64db649498faa09ba59fee81a/1973/
新北市,黃木燧,,1953,農會理事長,https://councils.g0v.tw/councilors/info/b9598d9dc6ff46bb994ac5ce66894c17/1953/
新北市,黃木燧,,1955,農會理事長,https://councils.g0v.tw/councilors/info/b9598d9dc6ff46bb994ac5ce66894c17/1955/
新北市,黃木燧,,1958,農會理事長,https://councils.g0v.tw/councilors/info/b9598d9dc6ff46bb994ac5ce66894c17/1958/
新北市,廖金順,,1973,板橋市農會顧問,https://councils.g0v.tw/councilors/info/36b02654940d45f7b8f6d67a97ce1421/1973/
新北市,廖金順,,1977,板橋市農會顧問,https://councils.g0v.tw/councilors/info/36b02654940d45f7b8f6d67a97ce1421/1977/
新北市,林植祺,,1958,三重鎮農會信用部主任,https://councils.g0v.tw/councilors/info/8314cb208f0649d6ae6ee6a87ae5f7e3/1958/
新北市,賴張珠玉,,1955,石牌地區水利策進委員會主委,https://councils.g0v.tw/councilors/info/844ae2075e5d4264af8c6d892a5f261f/1955/
新北市,賴張珠玉,,1958,石牌地區水利策進委員會主委,https://councils.g0v.tw/councilors/info/844ae2075e5d4264af8c6d892a5f261f/1958/
新北市,賴張珠玉,,1961,石牌地區水利策進委員會主委,https://councils.g0v.tw/councilors/info/844ae2075e5d4264af8c6d892a5f261f/1961/
新北市,賴張珠玉,,1964,石牌地區水利策進委員會主委,https://councils.g0v.tw/councilors/info/844ae2075e5d4264af8c6d892a5f261f/1964/
花蓮縣,龔文俊,中國國民黨,2009,4、曾任玉溪地區農會第八屆總幹事,https://councils.g0v.tw/councilors/info/cc78eb37fb4c47abbff1bf587bf4a627/2009/
花蓮縣,龔文俊,中國國民黨,2009,2、當選87年全國十大農業專家,https://councils.g0v.tw/councilors/info/cc78eb37fb4c47abbff1bf587bf4a627/2009/
新北市,鄭水枝,,1964,農會總幹事,https://councils.g0v.tw/councilors/info/a8a7ac92273c40268ec1c5fb84448fd4/1964/
新北市,王維藩,,1964,板橋市農會總幹事|臺北縣農會總幹事,https://councils.g0v.tw/councilors/info/f35f120387974426b5662ca2c82420ae/1964/
南投縣,蔡明源,中國國民黨,2009,南投市農會理事長。|南投縣農會理事。,https://councils.g0v.tw/councilors/info/563ebc76d2ca4f3ead15d7f3a4ae7c08/2009/
嘉義縣,蔡文基,,2009,一、中埔鄉農會、理、監事三屆。,https://councils.g0v.tw/councilors/info/ef2e170521754870a8f1cc4b101434bc/2009/
嘉義縣,蔡文基,,2009,四、嘉南農田水利會會務委員。 ,https://councils.g0v.tw/councilors/info/ef2e170521754870a8f1cc4b101434bc/2009/
嘉義縣,蔡文基,,2009,四、嘉南農田水利會會務委員。 ,https://councils.g0v.tw/councilors/info/ef2e170521754870a8f1cc4b101434bc/2009/
新北市,徐秀廷,,1982,板橋市農會會員代表,https://councils.g0v.tw/councilors/info/9b846261714b4cccbf232e05fa6472a4/1982/
新北市,徐秀廷,,1986,板橋市農會會員代表,https://councils.g0v.tw/councilors/info/9b846261714b4cccbf232e05fa6472a4/1986/
新北市,徐秀廷,,1990,板橋市農會會員代表,https://councils.g0v.tw/councilors/info/9b846261714b4cccbf232e05fa6472a4/1990/
新北市,徐秀廷,,1994,板橋市農會會員代表,https://councils.g0v.tw/councilors/info/9b846261714b4cccbf232e05fa6472a4/1994/
新北市,徐秀廷,,1998,板橋市農會會員代表,https://councils.g0v.tw/councilors/info/9b846261714b4cccbf232e05fa6472a4/1998/
新北市,翁永裕,,1973,農會代表,https://councils.g0v.tw/councilors/info/c176b9bf176f4e21bf3755829280c9a5/1973/
新北市,翁永裕,,1968,農會代表,https://councils.g0v.tw/councilors/info/c176b9bf176f4e21bf3755829280c9a5/1968/
新北市,翁永裕,,1958,農會代表,https://councils.g0v.tw/councilors/info/c176b9bf176f4e21bf3755829280c9a5/1958/
新北市,翁永裕,,1964,農會代表,https://councils.g0v.tw/councilors/info/c176b9bf176f4e21bf3755829280c9a5/1964/
新北市,藍淥淮,,1946,羅東水利委員會主任委員？,https://councils.g0v.tw/councilors/info/b4d95f11e6b446f5a4ec6986615f1730/1946/
新北市,賴克明,,1953,士林鎮農會常務理事,https://councils.g0v.tw/councilors/info/aa61a4efacdf4955a4bd56f4a1a8e09a/1953/
新北市,賴克明,,1955,士林鎮農會常務理事,https://councils.g0v.tw/councilors/info/aa61a4efacdf4955a4bd56f4a1a8e09a/1955/
新北市,賴克明,,1953,七星水利委員會主委,https://councils.g0v.tw/councilors/info/aa61a4efacdf4955a4bd56f4a1a8e09a/1953/
新北市,賴克明,,1955,七星水利委員會主委,https://councils.g0v.tw/councilors/info/aa61a4efacdf4955a4bd56f4a1a8e09a/1955/
新北市,謝通,,1951,省農會理事|縣農會理事,https://councils.g0v.tw/councilors/info/6e76173e37f54427ac5b094ae4e783f9/1951/
新北市,謝通,,1961,省農會理事|縣農會理事,https://councils.g0v.tw/councilors/info/6e76173e37f54427ac5b094ae4e783f9/1961/
新北市,謝通,,1953,省農會理事|縣農會理事,https://councils.g0v.tw/councilors/info/6e76173e37f54427ac5b094ae4e783f9/1953/
新北市,陳進砲,,1961,臺灣省政府建設廳水利局,https://councils.g0v.tw/councilors/info/d54721abb15a4d91914e8cc4baa2a2dc/1961/
新北市,林吳雪英,,1973,三重市農會職員,https://councils.g0v.tw/councilors/info/6667464d62fd4c339978e02faa590bce/1973/
新北市,劉鉅篆,,1946,農會常務理事,https://councils.g0v.tw/councilors/info/5d076bf64cf34e9ab543c7e5a33c6a9e/1946/
新北市,張月娥,,1982,新店地區農會家政指導員,https://councils.g0v.tw/councilors/info/fb2934e04aea4483a34b82e560d5cc47/1982/
新北市,林松枝,,1955,鎮農會評議委員,https://councils.g0v.tw/councilors/info/e06e93c379a84074b978455cc4ce8ee8/1955/
新北市,林松枝,,1958,鎮農會評議委員,https://councils.g0v.tw/councilors/info/e06e93c379a84074b978455cc4ce8ee8/1958/
新北市,黃中興,,1998,泰山鄉農會常務監事,https://councils.g0v.tw/councilors/info/7099ceb5c91e4d288475bb984589f83e/1998/
新北市,吳雪峰,,1986,板橋市農會會員代表兼理事,https://councils.g0v.tw/councilors/info/09ba839bd8ad43d6b9d21d6561a9e22a/1986/
新北市,吳雪峰,,1990,板橋市農會會員代表兼理事,https://councils.g0v.tw/councilors/info/09ba839bd8ad43d6b9d21d6561a9e22a/1990/
新北市,張方溥,,1946,農會理事,https://councils.g0v.tw/councilors/info/f0f46daeab994ea49a279e78f30c9b78/1946/
新北市,陳文錄,,2002,臺北縣農會理事長|15屆台北縣農會理事長。|13、14屆鶯歌鎮農會理事長。,https://councils.g0v.tw/councilors/info/34cb870969ed480cbcae024603afadf2/2002/
新北市,陳文錄,,2006,臺北縣農會理事長|15屆台北縣農會理事長。|13、14屆鶯歌鎮農會理事長。,https://councils.g0v.tw/councilors/info/34cb870969ed480cbcae024603afadf2/2006/
新北市,張錫榮,,1953,農會安康里分會會長,https://councils.g0v.tw/councilors/info/409ffd52f0f149619db10fd7ded3a517/1953/
新北市,張錫榮,,1955,農會安康里分會會長,https://councils.g0v.tw/councilors/info/409ffd52f0f149619db10fd7ded3a517/1955/
新北市,張錫榮,,1961,農會安康里分會會長,https://councils.g0v.tw/councilors/info/409ffd52f0f149619db10fd7ded3a517/1961/
新北市,林益長,,1951,鄉農會會長,https://councils.g0v.tw/councilors/info/d514bd1eedec4332909f28983c64764e/1951/
新北市,林益長,,1953,鄉農會會長,https://councils.g0v.tw/councilors/info/d514bd1eedec4332909f28983c64764e/1953/
新北市,林益長,,1946,鄉農會會長,https://councils.g0v.tw/councilors/info/d514bd1eedec4332909f28983c64764e/1946/
新北市,林阿友,,1951,坪林鄉農會理事長,https://councils.g0v.tw/councilors/info/38e726d8e61647a58ca8e14517ad0d57/1951/
新北市,林阿友,,1953,坪林鄉農會理事長,https://councils.g0v.tw/councilors/info/38e726d8e61647a58ca8e14517ad0d57/1953/
新北市,林阿友,,1955,坪林鄉農會理事長,https://councils.g0v.tw/councilors/info/38e726d8e61647a58ca8e14517ad0d57/1955/
新北市,林阿友,,1958,坪林鄉農會理事長,https://councils.g0v.tw/councilors/info/38e726d8e61647a58ca8e14517ad0d57/1958/
新北市,林阿友,,1946,坪林鄉農會理事長,https://councils.g0v.tw/councilors/info/38e726d8e61647a58ca8e14517ad0d57/1946/
新北市,羅古鐘,,1953,土城鄉農會理事長,https://councils.g0v.tw/councilors/info/f789f1b48bc04656b9d850a7a36e490e/1953/
臺北市,林振永,中國國民黨,1973,社子國校校長、中央警官學校副教授、七星農田水利會會長、臺北市第一屆議會議員。,https://councils.g0v.tw/councilors/info/30bc721aeaa94c02b3e536282278cfd7/1973/
臺北市,林振永,中國國民黨,1977,教員、校長、副教授、工程師、七星水利會會長、臺北市議會第一、二屆議員、金井化學工業公司董事長、林昇建設公司董事長。,https://councils.g0v.tw/councilors/info/30bc721aeaa94c02b3e536282278cfd7/1977/
臺北市,林振永,中國國民黨,1973,社子國校校長、中央警官學校副教授、七星農田水利會會長、臺北市第一屆議會議員。,https://councils.g0v.tw/councilors/info/30bc721aeaa94c02b3e536282278cfd7/1973/
桃園縣,廖輝星,,2009,"市農會代表、桃市早泳會創會長,1~2屆理事長",https://councils.g0v.tw/councilors/info/50332169c39942b7bd4f5e44ff1cb64e/2009/
新北市,白金泉,,1968,淡水鎮農會理事長,https://councils.g0v.tw/councilors/info/2e1299e831404af987ce871186c79735/1968/
新北市,白金泉,,1951,淡水鎮農會理事長,https://councils.g0v.tw/councilors/info/2e1299e831404af987ce871186c79735/1951/
新北市,白金泉,,1955,淡水鎮農會理事長,https://councils.g0v.tw/councilors/info/2e1299e831404af987ce871186c79735/1955/
新北市,白金泉,,1958,淡水鎮農會理事長,https://councils.g0v.tw/councilors/info/2e1299e831404af987ce871186c79735/1958/
新北市,白金泉,,1961,淡水鎮農會理事長,https://councils.g0v.tw/councilors/info/2e1299e831404af987ce871186c79735/1961/
新北市,白金泉,,1964,淡水鎮農會理事長,https://councils.g0v.tw/councilors/info/2e1299e831404af987ce871186c79735/1964/
臺北市,陳炯松,中國國民黨,1989,臺北市立大同中學、泰北、中興中學教師、臺北市公農田水利會組長、會長、國民大會代表、財團法人臺北病理中心常務董事,https://councils.g0v.tw/councilors/info/6a89df92016549dbb998904d3181dc40/1989/
臺北市,陳炯松,中國國民黨,1989,臺北市立大同中學、泰北、中興中學教師、臺北市公農田水利會組長、會長、國民大會代表、財團法人臺北病理中心常務董事,https://councils.g0v.tw/councilors/info/6a89df92016549dbb998904d3181dc40/1989/
南投縣,簡沛霖,無黨籍,2009,草屯鎮農會會員代表,https://councils.g0v.tw/councilors/info/26ec69f26a1a485ab245e9a05d2158a8/2009/
彰化縣,唐鎮林,,2009,花壇鄉農會第9、10屆理事,https://councils.g0v.tw/councilors/info/c14f66eb06824574ae05930bf8b4a087/2009/
新北市,陳絹,,1968,農會供銷部主任|農會會計股長|農會秘書|三峽鎮農會總幹事,https://councils.g0v.tw/councilors/info/01496a17327f42ff86eac0287473fe64/1968/
新北市,江貴元,,1951,中和鄉農會理事長總幹事,https://councils.g0v.tw/councilors/info/bc0b7baf2e0348dfade0deb8cd53f48d/1951/
新北市,江貴元,,1953,中和鄉農會理事長總幹事,https://councils.g0v.tw/councilors/info/bc0b7baf2e0348dfade0deb8cd53f48d/1953/
新北市,江貴元,,1955,中和鄉農會理事長總幹事,https://councils.g0v.tw/councilors/info/bc0b7baf2e0348dfade0deb8cd53f48d/1955/
新北市,江貴元,,1946,中和鄉農會理事長總幹事,https://councils.g0v.tw/councilors/info/bc0b7baf2e0348dfade0deb8cd53f48d/1946/
新北市,張初生,,1951,木柵鄉農會會長,https://councils.g0v.tw/councilors/info/8e46ce71c07346b2a0429d31781f17d5/1951/
新北市,張初生,,1953,木柵鄉農會會長,https://councils.g0v.tw/councilors/info/8e46ce71c07346b2a0429d31781f17d5/1953/
新北市,張初生,,1955,木柵鄉農會會長,https://councils.g0v.tw/councilors/info/8e46ce71c07346b2a0429d31781f17d5/1955/
新北市,張初生,,1946,木柵鄉農會會長,https://councils.g0v.tw/councilors/info/8e46ce71c07346b2a0429d31781f17d5/1946/
新北市,張德發,,1968,臺北縣農會總務課長|新莊鎮農會總幹事,https://councils.g0v.tw/councilors/info/2d9734cf0b3247ac8dd86fe9090da09a/1968/
新北市,張德發,,1964,臺北縣農會總務課長|新莊鎮農會總幹事,https://councils.g0v.tw/councilors/info/2d9734cf0b3247ac8dd86fe9090da09a/1964/
新北市,林阿坤,,1994,土城鄉農會理事會第5、6屆理事,https://councils.g0v.tw/councilors/info/64791da926f941ce99859deebf0fe666/1994/
新北市,林阿坤,,1998,土城鄉農會理事會第5、6屆理事,https://councils.g0v.tw/councilors/info/64791da926f941ce99859deebf0fe666/1998/
新北市,林阿坤,,2002,土城鄉農會理事會第5、6屆理事,https://councils.g0v.tw/councilors/info/64791da926f941ce99859deebf0fe666/2002/
新北市,廖正良,,2006,汐止市農會會員、代表、理事,https://councils.g0v.tw/councilors/info/a43d735ddb9f4d85bbf2cd41583f476d/2006/
新北市,廖正良,中國國民黨,2014,汐止區農會代表、理事、汐止區義消、義警、民防顧問及團長,https://councils.g0v.tw/councilors/info/a43d735ddb9f4d85bbf2cd41583f476d/2014/
新北市,廖正良,中國國民黨,2010,汐止市農會會員、代表、理事,https://councils.g0v.tw/councilors/info/a43d735ddb9f4d85bbf2cd41583f476d/2010/
高雄市,方信淵,中國國民黨,2014,二、高雄市農會理事,https://councils.g0v.tw/councilors/info/304e78b0aef549169fc734426f99620f/2014/
高雄市,方信淵,中國國民黨,2010,高雄縣農會理事,https://councils.g0v.tw/councilors/info/304e78b0aef549169fc734426f99620f/2010/
新北市,何新傳,,1973,三重市農會常務監事,https://councils.g0v.tw/councilors/info/85c9d67d34694d1ca95618e6bf9f9847/1973/
新北市,何新傳,,1968,三重市農會常務監事,https://councils.g0v.tw/councilors/info/85c9d67d34694d1ca95618e6bf9f9847/1968/
新北市,何新傳,,1977,三重市農會常務監事,https://councils.g0v.tw/councilors/info/85c9d67d34694d1ca95618e6bf9f9847/1977/
新北市,何新傳,,1982,三重市農會常務監事,https://councils.g0v.tw/councilors/info/85c9d67d34694d1ca95618e6bf9f9847/1982/
新北市,黃阿春,,1986,樹林鎮農會事務員,https://councils.g0v.tw/councilors/info/41074b4d5e8f4068a7c28ecd190206ec/1986/
新北市,黃阿春,,1982,樹林鎮農會事務員,https://councils.g0v.tw/councilors/info/41074b4d5e8f4068a7c28ecd190206ec/1982/
新北市,黃阿春,,1990,樹林鎮農會事務員,https://councils.g0v.tw/councilors/info/41074b4d5e8f4068a7c28ecd190206ec/1990/
新北市,李金龍,,1958,農會理事長,https://councils.g0v.tw/councilors/info/47192ad095a246d2b8eef7af4f6f9a26/1958/
新北市,李金龍,,1961,農會理事長,https://councils.g0v.tw/councilors/info/47192ad095a246d2b8eef7af4f6f9a26/1961/
新北市,李金龍,,1958,農業推廣教育輔導委員會委員,https://councils.g0v.tw/councilors/info/47192ad095a246d2b8eef7af4f6f9a26/1958/
新北市,李金龍,,1961,農業推廣教育輔導委員會委員,https://councils.g0v.tw/councilors/info/47192ad095a246d2b8eef7af4f6f9a26/1961/
新北市,李金龍,,1958,臺灣省淡水農田水利會常務委員,https://councils.g0v.tw/councilors/info/47192ad095a246d2b8eef7af4f6f9a26/1958/
新北市,李金龍,,1961,臺灣省淡水農田水利會常務委員,https://councils.g0v.tw/councilors/info/47192ad095a246d2b8eef7af4f6f9a26/1961/
新北市,李金龍,,1958,臺灣省淡水農田水利會常務委員,https://councils.g0v.tw/councilors/info/47192ad095a246d2b8eef7af4f6f9a26/1958/
新北市,李金龍,,1961,臺灣省淡水農田水利會常務委員,https://councils.g0v.tw/councilors/info/47192ad095a246d2b8eef7af4f6f9a26/1961/
新北市,呂芳契,,1973,中和農會常務監事,https://councils.g0v.tw/councilors/info/db541ec5f46243aba7aee6113b5729db/1973/
新北市,呂芳契,,1968,中和農會常務監事,https://councils.g0v.tw/councilors/info/db541ec5f46243aba7aee6113b5729db/1968/
新北市,呂芳契,,1977,中和農會常務監事,https://councils.g0v.tw/councilors/info/db541ec5f46243aba7aee6113b5729db/1977/
新北市,呂芳契,,1958,中和農會常務監事,https://councils.g0v.tw/councilors/info/db541ec5f46243aba7aee6113b5729db/1958/
新北市,呂芳契,,1961,中和農會常務監事,https://councils.g0v.tw/councilors/info/db541ec5f46243aba7aee6113b5729db/1961/
新北市,呂芳契,,1964,中和農會常務監事,https://councils.g0v.tw/councilors/info/db541ec5f46243aba7aee6113b5729db/1964/
嘉義縣,黃傑,,2009,(二)嘉義縣農會代表。,https://councils.g0v.tw/councilors/info/ce571e37614e4b63825b19928f9aee3a/2009/
臺北市,楊炯明,中國國民黨,1989,臺北市大同區合作社理事主席、臺北市農會理監事、臺北市楊姓宗親會理事長、臺北市省轄市議會第五、六屆暨臨時議會、直轄市議會第一到五屆議員。,https://councils.g0v.tw/councilors/info/a84eb55fbac541eaa166120f75bd5449/1989/
臺北市,楊炯明,中國國民黨,1985,臺北市省轄市議會第五、六屆、臨時議會、直轄市議會第一到四屆議員、大同區合作社理事主席、市農會理事、市區體育會常務理事、景文高商常務董事、民權國中、延平國小家長會會長。,https://councils.g0v.tw/councilors/info/a84eb55fbac541eaa166120f75bd5449/1985/
臺北市,楊炯明,中國國民黨,1981,臺北市省轄市議會第五、六屆暨臨時議會、直轄市議會第一到三屆議員、臺灣省合作金庫監事、臺北市體育會理事、大同區合作社理事主席、民權國中家長會會長、延平國小家長會會長、大同區農會理事、臺北市糕餅罐頭、肉品商業同業公會顧問、臺北市愛護禽鳥協會理事長、稻江高級家政商業職業學校董事。,https://councils.g0v.tw/councilors/info/a84eb55fbac541eaa166120f75bd5449/1981/
臺北市,楊炯明,中國國民黨,1977,臺北市省轄市議會第五、六屆、臨時議會、及直轄市議會第一、二屆議員、臺灣省合作金庫監事、大同區合作社理事主席、臺北市大同區農會理事、臺北市體育會理事、臺北市私立稻江高級家政商業職業學校董事會董事、臺北市楊姓宗親會常務理事、臺北市民權國民中學家長會會長、臺北市延平國民小學家長會會長、臺北市糕餅罐頭肉品商業公會顧問。,https://councils.g0v.tw/councilors/info/a84eb55fbac541eaa166120f75bd5449/1977/
臺北市,楊炯明,中國國民黨,1973,臺北市大同區農會理事、臺北市兵役協會委員、臺北市大同區合作社理事、臺北市地方自治協會理事、臺北市省轄市議會第五、六屆、臨時市議會、直轄市議會第一屆議會議員。,https://councils.g0v.tw/councilors/info/a84eb55fbac541eaa166120f75bd5449/1973/
南投縣,康誌合,民主進步黨,2009,鹿谷鄉鳳凰國小家長會長、鹿谷鄉第12屆農會代表、,https://councils.g0v.tw/councilors/info/0136ed89b40c4c5590b08d4f7c2367e8/2009/
新北市,林溪泉,,1953,臺灣省農會理事,https://councils.g0v.tw/councilors/info/70602fd4769d477ea07b8b3f25384e0d/1953/
新北市,林溪泉,,1951,臺灣省農會理事,https://councils.g0v.tw/councilors/info/70602fd4769d477ea07b8b3f25384e0d/1951/
新北市,廖丁旺,,1953,樹林鎮農會與民眾服務站理事,https://councils.g0v.tw/councilors/info/5c209ade2f934d7c9ffbf22d3e6ce6fe/1953/
新北市,廖丁旺,,1955,樹林鎮農會與民眾服務站理事,https://councils.g0v.tw/councilors/info/5c209ade2f934d7c9ffbf22d3e6ce6fe/1955/
新北市,廖丁旺,,1958,樹林鎮農會與民眾服務站理事,https://councils.g0v.tw/councilors/info/5c209ade2f934d7c9ffbf22d3e6ce6fe/1958/
新北市,廖丁旺,,1961,樹林鎮農會與民眾服務站理事,https://councils.g0v.tw/councilors/info/5c209ade2f934d7c9ffbf22d3e6ce6fe/1961/
新北市,李義鏡,,1958,農會評議會主席,https://councils.g0v.tw/councilors/info/347ab1c5d257465c8d6962b2b2fd36c7/1958/
臺南市,張世賢,中國國民黨,2014,嘉南農田水利會第三、四屆直選會務委員,https://councils.g0v.tw/councilors/info/1fef78e4de0d44aea4f43dcec2727fc1/2014/
臺南市,張世賢,中國國民黨,2010,八、嘉南農田水利會會務委員,https://councils.g0v.tw/councilors/info/1fef78e4de0d44aea4f43dcec2727fc1/2010/
臺南市,張世賢,中國國民黨,2014,嘉南農田水利會第三、四屆直選會務委員,https://councils.g0v.tw/councilors/info/1fef78e4de0d44aea4f43dcec2727fc1/2014/
臺南市,張世賢,中國國民黨,2010,八、嘉南農田水利會會務委員,https://councils.g0v.tw/councilors/info/1fef78e4de0d44aea4f43dcec2727fc1/2010/
新北市,翁北辰,,1946,八里鄉農會理事,https://councils.g0v.tw/councilors/info/67e4153423904082a68c884b1b1cafaa/1946/
新北市,盧楊柳,,1946,農會理事,https://councils.g0v.tw/councilors/info/4449b6837ea64af3be884571f8154e9d/1946/
新北市,盧根德,,1946,北縣農會理事長,https://councils.g0v.tw/councilors/info/747c769c531f468bb950e7f6ed8cc8fe/1946/
新北市,施標輝,,1951,石門鄉農會理事長,https://councils.g0v.tw/councilors/info/38e9f893415c4ae7ac1f52db29e3b74e/1951/
新北市,施標輝,,1946,石門鄉農會理事長,https://councils.g0v.tw/councilors/info/38e9f893415c4ae7ac1f52db29e3b74e/1946/
新北市,周毅,,1958,苗栗農業職業學校,https://councils.g0v.tw/councilors/info/9182b711f992472096191a8e8c475ba0/1958/
新北市,劉宗開,,1961,臺北縣農會評議委員,https://councils.g0v.tw/councilors/info/33c7b15b93f84b529c94f599161a9b4b/1961/
新北市,劉宗開,,1961,臺灣省?公農田水利會會員代表,https://councils.g0v.tw/councilors/info/33c7b15b93f84b529c94f599161a9b4b/1961/
新北市,劉宗開,,1961,臺灣省?公農田水利會會員代表,https://councils.g0v.tw/councilors/info/33c7b15b93f84b529c94f599161a9b4b/1961/
臺東縣,張萬生,中國國民黨,2014,三、關山鎮農會12、13、14屆農會代表。|四、關山鎮農會13、14屆農會理事。,https://councils.g0v.tw/councilors/info/fff44348d6ed4311a59944c3e9923317/2014/
臺東縣,張萬生,中國國民黨,2009,"三、關山鎮農會第12、13、14 屆農會代表、理事。",https://councils.g0v.tw/councilors/info/fff44348d6ed4311a59944c3e9923317/2009/
雲林縣,翁水上,無黨籍,2014,雲林農田水利會會務委員。,https://councils.g0v.tw/councilors/info/82d48fcbfc044b19b4c31b7d9ee7380c/2014/
雲林縣,翁水上,無黨籍,2014,雲林農田水利會會務委員。,https://councils.g0v.tw/councilors/info/82d48fcbfc044b19b4c31b7d9ee7380c/2014/
雲林縣,李培元,無黨籍,2014,台西鄉農會理事長,https://councils.g0v.tw/councilors/info/35bcedf7406f4be2bf5110f15f864a01/2014/
苗栗縣,羅貴星,民主進步黨,2014,"現任:  ※三義鄉鄉民代表  ※三義鄉農會理事  ※苗栗縣三義鄉水美商圈產業發展協會理事長  ※台灣身心障礙服務研究發展協會理事  ※苗栗縣客家文化發展協會理事  ※苗栗縣體育總會跆拳道委員會副主任委員  ※三義鄉義消、義警、民防、老人會、後憲顧問※三義鄉大圳面福德祠副主任委員  曾任:  ※三義鄉觀光文化發展協會理事長",https://councils.g0v.tw/councilors/info/93b724cce24146958a68f1c1e8142184/2014/
新北市,江敏行,,1986,中和農會雇員,https://councils.g0v.tw/councilors/info/32a361e724ef4379b3a41eb297110e2b/1986/
新北市,江敏行,,1982,中和農會雇員,https://councils.g0v.tw/councilors/info/32a361e724ef4379b3a41eb297110e2b/1982/
新北市,江敏行,,1990,中和農會雇員,https://councils.g0v.tw/councilors/info/32a361e724ef4379b3a41eb297110e2b/1990/
新北市,朱福春,,1953,瑞芳鎮農會總幹事,https://councils.g0v.tw/councilors/info/cbf93fe5bb6947b5908eb863743c9b83/1953/
新北市,朱福春,,1955,瑞芳鎮農會總幹事,https://councils.g0v.tw/councilors/info/cbf93fe5bb6947b5908eb863743c9b83/1955/
新北市,朱福春,,1961,瑞芳鎮農會總幹事,https://councils.g0v.tw/councilors/info/cbf93fe5bb6947b5908eb863743c9b83/1961/
新北市,朱福春,,1964,瑞芳鎮農會總幹事,https://councils.g0v.tw/councilors/info/cbf93fe5bb6947b5908eb863743c9b83/1964/
臺南市,李文俊,中國國民黨,2010,善化鎮農會第十一屆理事|善化鎮農會第十三屆代表|臺灣省農會第十二、十三屆理事|臺灣省農會第十四屆監事|臺灣省農會第十五屆理事,https://councils.g0v.tw/councilors/info/266bcb5ef3444c24a7509a2e7fa03afb/2010/
臺南市,李文俊,中國國民黨,2010,農業幹部班,https://councils.g0v.tw/councilors/info/266bcb5ef3444c24a7509a2e7fa03afb/2010/
新北市,謝文程,,1951,臺灣省與臺北縣農會理事、理事長,https://councils.g0v.tw/councilors/info/4863db3214fd47c1856e11f34982cd06/1951/
新北市,謝文程,,1953,臺灣省與臺北縣農會理事、理事長,https://councils.g0v.tw/councilors/info/4863db3214fd47c1856e11f34982cd06/1953/
新北市,謝文程,,1955,臺灣省與臺北縣農會理事、理事長,https://councils.g0v.tw/councilors/info/4863db3214fd47c1856e11f34982cd06/1955/
新北市,謝文程,,1946,臺灣省與臺北縣農會理事、理事長,https://councils.g0v.tw/councilors/info/4863db3214fd47c1856e11f34982cd06/1946/
臺中市,謝志忠,民主進步黨,2014,•行政院、水利署、省政府機要秘書,https://councils.g0v.tw/councilors/info/e61782bef2b8444c8cd78a1c8ecf0d03/2014/
苗栗縣,鍾東錦,無黨籍,2014,南庄鄉農會理事長,https://councils.g0v.tw/councilors/info/98d9f6687b3f4bfcb3785e43d9ee7d78/2014/
臺東縣,李振源,無黨藉,2009,二、台東縣農會顧問。|五、池上鄉農會理事、理事長。,https://councils.g0v.tw/councilors/info/362e026965db40edbd57d1b3c286048f/2009/
新北市,劉傳旺,,1946,農會及漁會理事長,https://councils.g0v.tw/councilors/info/278de82ff98b4e8199552bbab79af207/1946/
臺中市,廖述鎮,民主進步黨,2010,大雅鄉農會十二、十三、十四、十五、十六屆代表,https://councils.g0v.tw/councilors/info/5b716c98f4ba4415be21f79b3985c969/2010/
花蓮縣,何禮臺,中國國民黨,2009,新秀地區農會農民代表,https://councils.g0v.tw/councilors/info/df109d6b938349d7b877b2f2f785587c/2009/
南投縣,簡峻庭,無黨籍,2014,草屯鎮農會第13、16屆常務監事、草屯鎮農會第14、15屆理事長,https://councils.g0v.tw/councilors/info/92e1004d771644c187abd3216f0cd28c/2014/
南投縣,蕭志全,中國國民黨,2014,水里鄉農會理事長,https://councils.g0v.tw/councilors/info/66e2d76586ae4e0682dafaeda26a90c3/2014/
臺中市,陳成添,中國國民黨,2010,台中市農會代表。,https://councils.g0v.tw/councilors/info/3ead5d6fc506488783b1ecd1172665cd/2010/
臺北市,陳瑞卿,中國國民黨,1977,合作金庫監事、臺北市中山區合作社理事主席、後備軍人中山區輔導組長、新興國中家長會長、中山國小家長會副會長、?公水利會代表、中國合作事業協會監事、中山區義警中隊長、中山區消防團長、愛愛救濟院董事、景福宮常務理事、人仁遊覽公司顧問、臺北市省轄市議會第六屆暨臨時議會、直轄市議會第一、二屆議員。,https://councils.g0v.tw/councilors/info/3d68b3b646374a2ea64eccf059f8d3c0/1977/
新北市,劉禮榕,,1958,七星農田水利會代表,https://councils.g0v.tw/councilors/info/066b380a8eb844d59202169ae9827978/1958/
新北市,劉禮榕,,1958,七星農田水利會代表,https://councils.g0v.tw/councilors/info/066b380a8eb844d59202169ae9827978/1958/
新北市,蔡郁男,,1998,曾任五股鄉農會會計股長,https://councils.g0v.tw/councilors/info/84c63296ac6d408d840eb14c2ee054e7/1998/
新北市,陳添秀,,1973,農業會副會長,https://councils.g0v.tw/councilors/info/796f5fb29aca42d2b6ecc63ebbc90e1f/1973/
新北市,陳添秀,,1968,農業會副會長,https://councils.g0v.tw/councilors/info/796f5fb29aca42d2b6ecc63ebbc90e1f/1968/
新北市,陳添秀,,1958,農業會副會長,https://councils.g0v.tw/councilors/info/796f5fb29aca42d2b6ecc63ebbc90e1f/1958/
新北市,陳添秀,,1961,農業會副會長,https://councils.g0v.tw/councilors/info/796f5fb29aca42d2b6ecc63ebbc90e1f/1961/
新北市,陳國銓,,1953,省農會第四組長,https://councils.g0v.tw/councilors/info/1559302f920c4f7e9489458ccb91de74/1953/
花蓮縣,邱永双,中國國民黨,2014,吉安鄉農會理事長,https://councils.g0v.tw/councilors/info/53a866b08a114e00992b74c404871d89/2014/
花蓮縣,邱永双,中國國民黨,2009,吉安鄉農會理事長,https://councils.g0v.tw/councilors/info/53a866b08a114e00992b74c404871d89/2009/
彰化縣,謝彥慧,中國國民黨,2014,四、前台灣省農會總幹事謝國雇特助。,https://councils.g0v.tw/councilors/info/0f2b267a45354a759a41c32b42c32e19/2014/
彰化縣,歐陽蓁珠,民主進步黨,2014,"五、溪湖鎮農會第 10 屆監事",https://councils.g0v.tw/councilors/info/7f33f5685a074044945b13215382331f/2014/
彰化縣,歐陽蓁珠,,2009,溪湖鎮農會前監事,https://councils.g0v.tw/councilors/info/7f33f5685a074044945b13215382331f/2009/
彰化縣,黃正盛,中國國民黨,2014,二、大村鄉農會第16、17屆理事長。,https://councils.g0v.tw/councilors/info/53f8b70bb4e14e159a8be93369fb2699/2014/
彰化縣,游振雄,,2009,彰化縣農田水利會會務委員,https://councils.g0v.tw/councilors/info/87008b14e10f43a09d3d8071e5f7cfda/2009/
彰化縣,游振雄,中國國民黨,2014,二、台灣彰化農田水利會3、4屆會務委員。,https://councils.g0v.tw/councilors/info/87008b14e10f43a09d3d8071e5f7cfda/2014/
彰化縣,游振雄,,2009,彰化縣農田水利會會務委員,https://councils.g0v.tw/councilors/info/87008b14e10f43a09d3d8071e5f7cfda/2009/
彰化縣,游振雄,中國國民黨,2014,二、台灣彰化農田水利會3、4屆會務委員。,https://councils.g0v.tw/councilors/info/87008b14e10f43a09d3d8071e5f7cfda/2014/
宜蘭縣,陳漢鍾,在野問政聯盟,2014,3.羅東鎮農會會員代表。,https://councils.g0v.tw/councilors/info/09ca99e87644417abb9f15980ff35c93/2014/
新北市,盧纘祥,,1946,農業副會長,https://councils.g0v.tw/councilors/info/10e08a8f0c5545db88b4d7bf9fbe8176/1946/
新北市,黃火元,,1951,文山水利委員會委員,https://councils.g0v.tw/councilors/info/4b1d934a4df8431f85580446c35db59f/1951/
新北市,黃火元,,1953,文山水利委員會委員,https://councils.g0v.tw/councilors/info/4b1d934a4df8431f85580446c35db59f/1953/
新北市,張銀樂,,1951,新店鎮農會理事,https://councils.g0v.tw/councilors/info/f53e69805d234f119209300e2faeb97e/1951/
新北市,張銀樂,,1953,新店鎮農會理事,https://councils.g0v.tw/councilors/info/f53e69805d234f119209300e2faeb97e/1953/
新北市,張銀樂,,1955,新店鎮農會理事,https://councils.g0v.tw/councilors/info/f53e69805d234f119209300e2faeb97e/1955/
新北市,張銀樂,,1958,新店鎮農會理事,https://councils.g0v.tw/councilors/info/f53e69805d234f119209300e2faeb97e/1958/
新北市,陳天生,,1951,瑞芳鎮農會幹事,https://councils.g0v.tw/councilors/info/edcb030067784e1197315cfd705153ef/1951/
新北市,詹文通,,1951,農會理事、鎮長,https://councils.g0v.tw/councilors/info/2bc2e81f45fb4f99a6152757608b7d8c/1951/
新北市,詹文通,,1953,農會理事、鎮長,https://councils.g0v.tw/councilors/info/2bc2e81f45fb4f99a6152757608b7d8c/1953/
新北市,高敏慧,民主進步黨,2014,桃園農田水利會會務顧問,https://councils.g0v.tw/councilors/info/b9f858e01b704b09ba769fcb5e61e29e/2014/
新北市,高敏慧,民主進步黨,2014,桃園農田水利會會務顧問,https://councils.g0v.tw/councilors/info/b9f858e01b704b09ba769fcb5e61e29e/2014/
新北市,彭成龍,民主進步黨,2010,土城市農會理事,https://councils.g0v.tw/councilors/info/846fbcd2c38241b1a8096afdfa1901f4/2010/
新北市,彭成龍,民主進步黨,2014,土城區農會理事。,https://councils.g0v.tw/councilors/info/846fbcd2c38241b1a8096afdfa1901f4/2014/
新北市,林金結,中國國民黨,2014,土城區農會代表,https://councils.g0v.tw/councilors/info/0ac3214a70b6468e84d5eab8b3bb3c5a/2014/
新北市,陳永福,,2002,台北縣議會第三審查委員會召集人（水利、工務、城鄉）,https://councils.g0v.tw/councilors/info/2b018dfa829640169145700433fb8d5d/2002/
新北市,陳永福,,1994,台北縣議會第三審查委員會召集人（水利、工務、城鄉）,https://councils.g0v.tw/councilors/info/2b018dfa829640169145700433fb8d5d/1994/
新北市,陳永福,,1998,台北縣議會第三審查委員會召集人（水利、工務、城鄉）,https://councils.g0v.tw/councilors/info/2b018dfa829640169145700433fb8d5d/1998/
新北市,陳永福,,2006,台北縣議會第三審查委員會召集人（水利、工務、城鄉）,https://councils.g0v.tw/councilors/info/2b018dfa829640169145700433fb8d5d/2006/
新北市,陳永福,民主進步黨,2010,台北縣議會第三審查委員會召集人（水利、工務、城鄉）,https://councils.g0v.tw/councilors/info/2b018dfa829640169145700433fb8d5d/2010/
新北市,陳永福,民主進步黨,2014,台北縣議會第三審查委員會召集人（水利、工務、城鄉）,https://councils.g0v.tw/councilors/info/2b018dfa829640169145700433fb8d5d/2014/
臺北市,陳永德,中國國民黨,1994,陳黃粉文教基金會董事、臺北市體育會理事、臺北市農會理事長特別助理、中國國民黨台北市委員會委員、信義區調解委員會委員、晨跑委員會副主委、臺北市議員陳俊雄服務處主任。,https://councils.g0v.tw/councilors/info/c97c51f80a384545b77dfaa33c9e7d45/1994/
新北市,許吉,,1961,鶯歌鎮農會理監事|鶯歌鎮農會總幹事,https://councils.g0v.tw/councilors/info/c7f1636c48b34a64b236cf0409553663/1961/
新北市,連壁光,,1955,雙溪農會理事,https://councils.g0v.tw/councilors/info/ac6fff9cf4804f27a94b70d83f2d4d70/1955/
新北市,連壁光,,1958,雙溪農會理事,https://councils.g0v.tw/councilors/info/ac6fff9cf4804f27a94b70d83f2d4d70/1958/
新北市,連壁光,,1961,雙溪農會理事,https://councils.g0v.tw/councilors/info/ac6fff9cf4804f27a94b70d83f2d4d70/1961/
新北市,林媽成,,1955,三重市農會總幹事,https://councils.g0v.tw/councilors/info/4fb0595b86474fa69cf399e27e64249f/1955/
新北市,林媽成,,1958,三重市農會總幹事,https://councils.g0v.tw/councilors/info/4fb0595b86474fa69cf399e27e64249f/1958/
新北市,王慶賢,,1955,農會總幹,https://councils.g0v.tw/councilors/info/f043bdd9d7394dfb81693dd87e366b00/1955/
新北市,王慶賢,,1958,農會總幹,https://councils.g0v.tw/councilors/info/f043bdd9d7394dfb81693dd87e366b00/1958/
新北市,連清傳,,1955,三重鎮農會理事長,https://councils.g0v.tw/councilors/info/3467da81cd0c4271b804f2ea79191a94/1955/
新北市,連清傳,,1961,三重鎮農會理事長,https://councils.g0v.tw/councilors/info/3467da81cd0c4271b804f2ea79191a94/1961/
新北市,連清傳,,1955,新莊水利委員會委員,https://councils.g0v.tw/councilors/info/3467da81cd0c4271b804f2ea79191a94/1955/
新北市,連清傳,,1961,新莊水利委員會委員,https://councils.g0v.tw/councilors/info/3467da81cd0c4271b804f2ea79191a94/1961/
新北市,陳萬富,,1977,蘆洲鄉農會理監事,https://councils.g0v.tw/councilors/info/ae0a2b20e47640efa574b43b684dbbdd/1977/
新北市,陳萬富,,1982,蘆洲鄉農會理監事,https://councils.g0v.tw/councilors/info/ae0a2b20e47640efa574b43b684dbbdd/1982/
新北市,陳萬富,,1990,蘆洲鄉農會理監事,https://councils.g0v.tw/councilors/info/ae0a2b20e47640efa574b43b684dbbdd/1990/
嘉義縣,蔡鼎三,民主進步黨,2014,2東石鄉農會推廣股。,https://councils.g0v.tw/councilors/info/2fa90e77356d4686be93880ff22d83ea/2014/
嘉義縣,張明達,,2009,（三）番路鄉農會第十二、十三屆理事長。,https://councils.g0v.tw/councilors/info/a8be12bbf5ff451caeb2c6f57ebb0f54/2009/
嘉義縣,張明達,民主進步黨,2014,5番路鄉農會第12、13屆理事長。,https://councils.g0v.tw/councilors/info/a8be12bbf5ff451caeb2c6f57ebb0f54/2014/
雲林縣,蔡岳儒,民主進步黨,2014,國立台灣大學農業經濟研究所進修中。,https://councils.g0v.tw/councilors/info/aff751e6877047599ae6e7f736a8520a/2014/
新北市,林紅隆,,1968,烏來鄉農會理事長,https://councils.g0v.tw/councilors/info/ef8535bc4b2c4995ae56fcfdd454359b/1968/
新北市,林紅隆,,1973,烏來鄉農會理事長,https://councils.g0v.tw/councilors/info/ef8535bc4b2c4995ae56fcfdd454359b/1973/
新北市,林紅隆,,1968,烏來鄉公所農業指導員,https://councils.g0v.tw/councilors/info/ef8535bc4b2c4995ae56fcfdd454359b/1968/
新北市,林紅隆,,1973,烏來鄉公所農業指導員,https://councils.g0v.tw/councilors/info/ef8535bc4b2c4995ae56fcfdd454359b/1973/
雲林縣,李合同,,2009,12.13屆崙背鄉鄉長、第15屆雲林縣議員、崙背農會理事長、崙背鄉代表會主席。,https://councils.g0v.tw/councilors/info/0723201d8a4c467d9f1135123ed32991/2009/
高雄市,陳粹鑾,中國國民黨,2010,四、鳳山市農會會員代表。,https://councils.g0v.tw/councilors/info/c8b94ba16cbf4b68b8c16949065f5610/2010/
高雄市,陳粹鑾,中國國民黨,2014,鳳山區農會第十七屆理事,https://councils.g0v.tw/councilors/info/c8b94ba16cbf4b68b8c16949065f5610/2014/
雲林縣,黃文祥,,2009,水林鄉農會代表、水林鄉第十七屆鄉民代表、第五屆立法委員陳劍松服務處主任、第六屆立法委員張麗善服務處主任現任：1.水林鄉第十八屆鄉民代表2.笨港慈善友誼會副會長3.第七屆立法委員張嘉郡服務處主任。,https://councils.g0v.tw/councilors/info/288554ffaacf4a648eb1506b00f6515c/2009/
新北市,李傳契,,1968,縣農會常務理事兼總幹事,https://councils.g0v.tw/councilors/info/8afc10a311194e3481076bf4924f69c9/1968/
新北市,李傳契,,1951,縣農會常務理事兼總幹事,https://councils.g0v.tw/councilors/info/8afc10a311194e3481076bf4924f69c9/1951/
新北市,李傳契,,1961,縣農會常務理事兼總幹事,https://councils.g0v.tw/councilors/info/8afc10a311194e3481076bf4924f69c9/1961/
新北市,李傳契,,1964,縣農會常務理事兼總幹事,https://councils.g0v.tw/councilors/info/8afc10a311194e3481076bf4924f69c9/1964/
新北市,余德義,,1968,鶯歌街農會金融部長|鶯歌鎮農會理事長|鶯歌鎮農會總幹事|臺北縣農會常務監事,https://councils.g0v.tw/councilors/info/9972102df1a74ead81c55c60469fea6d/1968/
新北市,余德義,,1951,鶯歌街農會金融部長|鶯歌鎮農會理事長|鶯歌鎮農會總幹事|臺北縣農會常務監事,https://councils.g0v.tw/councilors/info/9972102df1a74ead81c55c60469fea6d/1951/
新北市,余德義,,1953,鶯歌街農會金融部長|鶯歌鎮農會理事長|鶯歌鎮農會總幹事|臺北縣農會常務監事,https://councils.g0v.tw/councilors/info/9972102df1a74ead81c55c60469fea6d/1953/
新北市,余德義,,1955,鶯歌街農會金融部長|鶯歌鎮農會理事長|鶯歌鎮農會總幹事|臺北縣農會常務監事,https://councils.g0v.tw/councilors/info/9972102df1a74ead81c55c60469fea6d/1955/
新北市,余德義,,1958,鶯歌街農會金融部長|鶯歌鎮農會理事長|鶯歌鎮農會總幹事|臺北縣農會常務監事,https://councils.g0v.tw/councilors/info/9972102df1a74ead81c55c60469fea6d/1958/
新北市,余德義,,1961,鶯歌街農會金融部長|鶯歌鎮農會理事長|鶯歌鎮農會總幹事|臺北縣農會常務監事,https://councils.g0v.tw/councilors/info/9972102df1a74ead81c55c60469fea6d/1961/
新北市,余德義,,1964,鶯歌街農會金融部長|鶯歌鎮農會理事長|鶯歌鎮農會總幹事|臺北縣農會常務監事,https://councils.g0v.tw/councilors/info/9972102df1a74ead81c55c60469fea6d/1964/
新北市,王毓財,,1968,臺北縣農會總幹事,https://councils.g0v.tw/councilors/info/1215889756f84c47a764cdc838523cb0/1968/
新北市,王毓財,,1964,臺北縣農會總幹事,https://councils.g0v.tw/councilors/info/1215889756f84c47a764cdc838523cb0/1964/
新北市,吳總傑,,1968,臺北縣農會理事,https://councils.g0v.tw/councilors/info/06dc77ce2b2d4104b9e57bae962f1992/1968/
新北市,張均田,,1951,臺北縣農會常務監事|三芝鄉農會理事長,https://councils.g0v.tw/councilors/info/53fced296e27472082804c3f3aa4e46e/1951/
新北市,張均田,,1955,臺北縣農會常務監事|三芝鄉農會理事長,https://councils.g0v.tw/councilors/info/53fced296e27472082804c3f3aa4e46e/1955/
新北市,張均田,,1953,臺北縣農會常務監事|三芝鄉農會理事長,https://councils.g0v.tw/councilors/info/53fced296e27472082804c3f3aa4e46e/1953/
新北市,陳國治,,1953,縣農會常務理事,https://councils.g0v.tw/councilors/info/f22015cf9d5c4db0baa6ce8053a58682/1953/
新北市,陳國治,,1955,縣農會常務理事,https://councils.g0v.tw/councilors/info/f22015cf9d5c4db0baa6ce8053a58682/1955/
新北市,陳國治,,1958,縣農會常務理事,https://councils.g0v.tw/councilors/info/f22015cf9d5c4db0baa6ce8053a58682/1958/
新北市,陳國治,,1961,縣農會常務理事,https://councils.g0v.tw/councilors/info/f22015cf9d5c4db0baa6ce8053a58682/1961/
彰化縣,葉麗娟,,2009,永靖鄉農會理事|永靖鄉農會理事長,https://councils.g0v.tw/councilors/info/49959d10a1174a7bb217555263746f4c/2009/
彰化縣,葉麗娟,中國國民黨,2014,八、永靖鄉農會理事長。,https://councils.g0v.tw/councilors/info/49959d10a1174a7bb217555263746f4c/2014/
新北市,黃火候,,1958,板橋農會總幹事,https://councils.g0v.tw/councilors/info/cfaf7615fa6b4c78aa484b548a0897b3/1958/
新北市,林溪巖,,1953,臺北縣后村圳水利委員會委員,https://councils.g0v.tw/councilors/info/3fb2ef17aad74e56895d9435f7a48311/1953/
嘉義市,黃國村,中國國民黨,2009,六、嘉義市市農會二屆理事,https://councils.g0v.tw/councilors/info/e9e12c7e2d594d9997fddc08ab21ce18/2009/
嘉義市,黃國村,中國國民黨,2009,三、嘉南水利會六、七、八屆會員代表,https://councils.g0v.tw/councilors/info/e9e12c7e2d594d9997fddc08ab21ce18/2009/
臺北市,張秋雄,中國國民黨,1989,工務員、技士、工程師、臺北市直轄市議會第四、五屆議員、臺北市農會體育會理事、臺北市義警大隊顧問。,https://councils.g0v.tw/councilors/info/251e478009164f99afbb0f40ac50cd02/1989/
臺北市,張秋雄,中國國民黨,1981,北投區尊賢里里長、北投區後備軍人輔導組組長、臺北市農會監事、臺北市團管區顧問。,https://councils.g0v.tw/councilors/info/251e478009164f99afbb0f40ac50cd02/1981/
嘉義市,蕭淑麗,無黨籍,2014,"嘉義市農會總幹事,第三屆國民大會代表,中華民國農會考試委員,中華民國農會經費稽委員會委員,稻江科技暨管理學院執行董事,中國文化大學博士生,嘉義市果菜市場董事,嘉義縣議會秘書,嘉義救難協會、若竹兒基金會、祥和社會基金會等公益社團,寺廟顧問",https://councils.g0v.tw/councilors/info/95694be8d8004e9e89451ad4e7667766/2014/
新北市,廖裕德,,1986,板橋市農會理事監事,https://councils.g0v.tw/councilors/info/6cd6e75c3266416692602a7019d5affa/1986/
新北市,廖裕德,,1990,板橋市農會理事監事,https://councils.g0v.tw/councilors/info/6cd6e75c3266416692602a7019d5affa/1990/
新北市,廖裕德,,1994,板橋市農會理事監事,https://councils.g0v.tw/councilors/info/6cd6e75c3266416692602a7019d5affa/1994/
新北市,廖裕德,,2002,板橋市農會理事監事,https://councils.g0v.tw/councilors/info/6cd6e75c3266416692602a7019d5affa/2002/
新北市,廖裕德,無黨團結聯盟,2010,板橋市農會理事監事,https://councils.g0v.tw/councilors/info/6cd6e75c3266416692602a7019d5affa/2010/
新北市,林清敦,,1946,農會常務理事,https://councils.g0v.tw/councilors/info/53d937d0344e4f7eb0a4d1dfcc97629d/1946/
新北市,杜阿魯,,1946,農會理事長,https://councils.g0v.tw/councilors/info/8efc3692e20b46b49ceed4f11a7b35cd/1946/
花蓮縣,葉鯤璟,中國國民黨,2009,3.光豐農會辦事員|4.壽豐農會指導員、推廣股長,https://councils.g0v.tw/councilors/info/403a3e0dd3fb417ea1e7c1597ff22ba0/2009/
花蓮縣,葉鯤璟,無黨籍,2014,國立臺灣大學推廣學系結業。花蓮縣第15、17屆縣議員。壽豐鄉民代表會副主席。壽豐鄉農會指導員、推廣股長。吉安分局民防、壽豐義警中隊長,https://councils.g0v.tw/councilors/info/403a3e0dd3fb417ea1e7c1597ff22ba0/2014/
花蓮縣,萬榮財,無黨籍,2014,光豐農會代表理事監事,https://councils.g0v.tw/councilors/info/a61c0a8df1e84489b049585fb3702a38/2014/
雲林縣,李明哲,中國國民黨,2014,雲林農田水利會務委員,https://councils.g0v.tw/councilors/info/4be8de3858ad483e82e4f0e15812ec71/2014/
雲林縣,李明哲,中國國民黨,2014,雲林農田水利會務委員,https://councils.g0v.tw/councilors/info/4be8de3858ad483e82e4f0e15812ec71/2014/
雲林縣,梁銘忠,無黨籍,2014,現任：崙背鄉農會理事,https://councils.g0v.tw/councilors/info/6e18d99230d645f2b59c104ea8f27c7c/2014/
新北市,王以文,,1951,板橋鎮農會理事長,https://councils.g0v.tw/councilors/info/f3049f99155944a88fed395285fe7c7d/1951/
新北市,王以文,,1953,板橋鎮農會理事長,https://councils.g0v.tw/councilors/info/f3049f99155944a88fed395285fe7c7d/1953/
新北市,王以文,,1955,板橋鎮農會理事長,https://councils.g0v.tw/councilors/info/f3049f99155944a88fed395285fe7c7d/1955/
新北市,王以文,,1946,板橋鎮農會理事長,https://councils.g0v.tw/councilors/info/f3049f99155944a88fed395285fe7c7d/1946/
雲林縣,李建志,無黨籍,2014,雲林縣農業權益促進協會榮譽會長。,https://councils.g0v.tw/councilors/info/5f4df9ee0b6447349bdaf161abebc6d1/2014/
臺南市,李坤煌,中國國民黨,2010,台南縣農會理事、|永康市農會理事長、,https://councils.g0v.tw/councilors/info/3456d2c0df0b455d8f19078937ea322e/2010/
臺南市,李坤煌,中國國民黨,2014,台南縣農會理事|永康市農會理事長,https://councils.g0v.tw/councilors/info/3456d2c0df0b455d8f19078937ea322e/2014/
臺南市,李坤煌,中國國民黨,2014,美國加州大學UCDAVIS農業研究,https://councils.g0v.tw/councilors/info/3456d2c0df0b455d8f19078937ea322e/2014/
臺南市,梁順發,無黨籍,2014,安定鄉農會第13、16、17屆理事長。,https://councils.g0v.tw/councilors/info/46bdf822d9ac431894d075d114d3940e/2014/
臺南市,梁順發,民主進步黨,2010,安定鄉農會第12屆理事、第13、15屆理事長,https://councils.g0v.tw/councilors/info/46bdf822d9ac431894d075d114d3940e/2010/
臺東縣,林東滿,中國國民黨,2014,三、東河鄉農會理事長。,https://councils.g0v.tw/councilors/info/c608b61293b34122a65daa860b3ae1cf/2014/
臺東縣,林東滿,中國國民黨,2009,三、農會理事長。,https://councils.g0v.tw/councilors/info/c608b61293b34122a65daa860b3ae1cf/2009/
臺東縣,許進榮,無黨籍,2014,九、第15、16屆成功鎮農會理事長。,https://councils.g0v.tw/councilors/info/594a053d552d48a0aa3edff423371eb6/2014/
臺東縣,許進榮,無黨籍,2009,四、成功鎮農會理事長。,https://councils.g0v.tw/councilors/info/594a053d552d48a0aa3edff423371eb6/2009/
嘉義縣,黃金茂,中國國民黨,2014,1嘉南農田水利會會務代表。,https://councils.g0v.tw/councilors/info/83b684ebcdaa499b93f83bcfbcd49278/2014/
嘉義縣,黃金茂,中國國民黨,2014,1嘉南農田水利會會務代表。,https://councils.g0v.tw/councilors/info/83b684ebcdaa499b93f83bcfbcd49278/2014/
嘉義縣,石信忠,無黨籍,2014,6阿里山鄉公所農業技士村幹事民政課員。,https://councils.g0v.tw/councilors/info/2b891a426b93499dac0f9432c903b534/2014/
嘉義縣,郭芳宜,,2009,(一)梅山鄉農會第１１、１２、１３屆會員代表。,https://councils.g0v.tw/councilors/info/9d25e975e39345e293e0c0a91e8508f8/2009/
嘉義縣,葉和平,,2009,(五)大林鎮農會理、監事12年、理事長4年。 ,https://councils.g0v.tw/councilors/info/a3c3cde7079f4187a1dcc70b31d401e0/2009/
嘉義縣,葉和平,民主進步黨,2014,2現任：嘉義縣大林農會常務監事。|3嘉義縣大林農會理事長。,https://councils.g0v.tw/councilors/info/a3c3cde7079f4187a1dcc70b31d401e0/2014/
彰化縣,張春洋,無黨籍,2014,一、台灣彰化農田水利會會務委員,https://councils.g0v.tw/councilors/info/37ec40e2ffef4738b1350993ca259417/2014/
彰化縣,張春洋,無黨籍,2014,一、台灣彰化農田水利會會務委員,https://councils.g0v.tw/councilors/info/37ec40e2ffef4738b1350993ca259417/2014/
臺中市,張立傑,無黨籍,2014,•台中農田水利會第二、三、四屆會務委員,https://councils.g0v.tw/councilors/info/0010e91e7b9c491baed6a29316f55a3d/2014/
臺中市,張立傑,無黨籍,2014,•台中農田水利會第二、三、四屆會務委員,https://councils.g0v.tw/councilors/info/0010e91e7b9c491baed6a29316f55a3d/2014/
新北市,游詩源,,1990,中和市地區農會理事|中和地農會理事,https://councils.g0v.tw/councilors/info/76d811b558324d889eaa87762dee374e/1990/
新北市,游詩源,,1994,中和市地區農會理事|中和地農會理事,https://councils.g0v.tw/councilors/info/76d811b558324d889eaa87762dee374e/1994/
新北市,游詩源,,1998,中和市地區農會理事|中和地農會理事,https://councils.g0v.tw/councilors/info/76d811b558324d889eaa87762dee374e/1998/
臺中市,賴佳微,民主進步黨,2014,•102年台中市議會都發建設水利委員會召集人,https://councils.g0v.tw/councilors/info/4a0761a4b64347d6a8bce590093ab69f/2014/
新北市,許桃杭,,1953,五股鄉農會總幹事,https://councils.g0v.tw/councilors/info/adcc719f3e3d4faa98282d74f6e503e6/1953/
新北市,許桃杭,,1955,五股鄉農會總幹事,https://councils.g0v.tw/councilors/info/adcc719f3e3d4faa98282d74f6e503e6/1955/
桃園縣,莊玉輝,,2009,平鎮市農會第14屆理事長|平鎮市農會第16屆常務監事,https://councils.g0v.tw/councilors/info/2345fd391099443182026f42917c6171/2009/
桃園市,莊玉輝,無黨團結聯盟,2014,平鎮市農會第14屆理事長|平鎮市農會第16屆常務監事,https://councils.g0v.tw/councilors/info/2345fd391099443182026f42917c6171/2014/
桃園縣,莊玉輝,,2009,桃園縣議會農業委員會召集人,https://councils.g0v.tw/councilors/info/2345fd391099443182026f42917c6171/2009/
桃園市,莊玉輝,無黨團結聯盟,2014,桃園縣議會農業委員會召集人,https://councils.g0v.tw/councilors/info/2345fd391099443182026f42917c6171/2014/
桃園市,劉勝全,無黨團結聯盟,2014,蘆竹鄉農會職員、理事,https://councils.g0v.tw/councilors/info/79d1af8958be42d69dbb19edcea3d23d/2014/
新北市,莊阿螺,,1961,士林鎮農會理事長,https://councils.g0v.tw/councilors/info/c48f2ab4f3a14a928dc87449d98b0e1e/1961/
新北市,莊阿螺,,1964,士林鎮農會理事長,https://councils.g0v.tw/councilors/info/c48f2ab4f3a14a928dc87449d98b0e1e/1964/
臺北市,莊阿螺,中國國民黨,1985,陽明山瓦斯公司董事長、臺北市警察局義警大隊長、臺北市民眾服務社理事、中華民國公用瓦斯協會常務理事、陽明山局農會理事長、臨時市議會及直轄市議會第一、二、三、四屆議員。,https://councils.g0v.tw/councilors/info/c48f2ab4f3a14a928dc87449d98b0e1e/1985/
臺北市,莊阿螺,中國國民黨,1981,臺北縣議員、臨時議會及直轄市議會第一、二、三屆議員、陽明山瓦斯公司董事長、陽明山管理局農會理事長、陽明山兵役協會主任委員。,https://councils.g0v.tw/councilors/info/c48f2ab4f3a14a928dc87449d98b0e1e/1981/
臺北市,莊阿螺,中國國民黨,1973,臺北縣議會議員、臺北市臨時市議會議員、陽明山兵役協會主任委員、陽明山義勇警察大隊長、陽明山農會理事長、臺北市第一屆議會議員。,https://councils.g0v.tw/councilors/info/c48f2ab4f3a14a928dc87449d98b0e1e/1973/
新北市,呂沂錤,,1946,莊農會主席,https://councils.g0v.tw/councilors/info/d4830fb9f09449e6b6117ff3837caec1/1946/
雲林縣,黃淑鈴,民主進步黨,2014,滿固農業生物科技股份有限公司董事長,https://councils.g0v.tw/councilors/info/fde3a53bfe7b4ff8be0bc264ffcbf2f6/2014/
新北市,李俊民,,1990,泰山鄉農會理事長|泰山鄉農會理事長,https://councils.g0v.tw/councilors/info/091dad6954f84c5297b36c8f5abfc827/1990/
臺東縣,吳景槐,中國國民黨,2014,四、臺東縣臺東地區農會理事長。,https://councils.g0v.tw/councilors/info/9b553f95c2b4492caf09ff8beee851ef/2014/
臺東縣,吳景槐,"中國國民黨 ",2009,：原生植物園董事長、臺東縣農會理事、臺東吳氏宗親會理事長、臺東後憲副主委、臺東義警大隊顧問團長、,https://councils.g0v.tw/councilors/info/9b553f95c2b4492caf09ff8beee851ef/2009/
臺東縣,田石雄,中國國民黨,2014,一、臺東地區農會第五屆常務監事。|二、臺東地區農會第六、七屆理事長。|四、臺東縣農會第十五、十六屆理事長。,https://councils.g0v.tw/councilors/info/dc33ff5e678f47b3b0ce497aa359ff2c/2014/
臺東縣,田石雄,"中國國民黨 ",2009,一、臺東地區農會第五屆常務監事。|二、臺東地區農會第六、七屆理事長。|五、臺東縣農會第十五屆理事長。|：臺東縣農會理事長。臺東縣議會議員。綠島文教協進會理事長。,https://councils.g0v.tw/councilors/info/dc33ff5e678f47b3b0ce497aa359ff2c/2009/
高雄市,李順進,無黨團結聯盟,2014,二、高雄市議會保安小組召集人、農林水利海洋小組副召集人、環保督導專案小組委員,https://councils.g0v.tw/councilors/info/b2621dbef18f4e10ade68ff8d6d68dde/2014/
臺南市,林炳利,無黨籍,2014,台南市農會第十一、十二屆理事。,https://councils.g0v.tw/councilors/info/587970a3628a48cca00ae45e58b665f8/2014/
臺南市,林炳利,無黨籍,2010,（3）台南市農會第十一、十二屆理事。,https://councils.g0v.tw/councilors/info/587970a3628a48cca00ae45e58b665f8/2010/
臺南市,郭信良,民主進步黨,2014,南市農會理事、漁權會總幹事,https://councils.g0v.tw/councilors/info/6febefc4346e4e74892c4a2755792c54/2014/
臺南市,郭信良,民主進步黨,2010,台南市農會理事。,https://councils.g0v.tw/councilors/info/6febefc4346e4e74892c4a2755792c54/2010/
新北市,林進德,,1953,板橋農會及牛車公會幹事,https://councils.g0v.tw/councilors/info/662f78529ce94ca7afe60183c4221148/1953/
臺東縣,黃瑞華,中國國民黨,2014,二、關山鎮農會理事長|三、臺東縣農會常務監事。,https://councils.g0v.tw/councilors/info/866fdae1e0fd43e3a992debb11d6269b/2014/
彰化縣,張瀚天,無黨籍,2014,"一、彰化市農會第 16 屆理事長。|二、彰化市農會第 16 屆會員代表。",https://councils.g0v.tw/councilors/info/0266adb2c8af4f0b812a1dd6aeb19f5f/2014/
新北市,林新欽,,1977,"臺北縣政府農業局長 (75年3月～79年1月)",https://councils.g0v.tw/councilors/info/dac622b275c74c28ab3c094ab7897eea/1977/
新北市,洪金卑,,1955,農會理事,https://councils.g0v.tw/councilors/info/d249cee89e494a838188b858638e898f/1955/
新北市,洪金卑,,1953,農會理事,https://councils.g0v.tw/councilors/info/d249cee89e494a838188b858638e898f/1953/
新北市,洪金卑,,1955,淡水水利會委員,https://councils.g0v.tw/councilors/info/d249cee89e494a838188b858638e898f/1955/
新北市,洪金卑,,1953,淡水水利會委員,https://councils.g0v.tw/councilors/info/d249cee89e494a838188b858638e898f/1953/
高雄市,李長生,中國國民黨,2014,三、高雄縣農會代表|四、阿蓮鄉農會代表,https://councils.g0v.tw/councilors/info/c921fe8fd8e442bbaabf391df54a8872/2014/
高雄市,李長生,中國國民黨,2010,(三)高雄縣農會代表。|(四)阿蓮農會代表。,https://councils.g0v.tw/councilors/info/c921fe8fd8e442bbaabf391df54a8872/2010/
桃園縣,周玉琴,,2009,楊梅農會家政義務指導員|楊梅農會家政班班長,https://councils.g0v.tw/councilors/info/f3e9b78a96fe4a5a82c028b94c9b2253/2009/
桃園市,周玉琴,中國國民黨,2014,楊梅農會家政義務指導員|楊梅農會家政班班長,https://councils.g0v.tw/councilors/info/f3e9b78a96fe4a5a82c028b94c9b2253/2014/
臺北市,陳錦祥,中國國民黨,2010,台北市第七、八、九、十屆市議員、台北市議會副議長、台北市議會中國國民黨黨團書記長、台北市園藝商業同業理事長、台北市農會監事、陳黃粉文教基金會執行長、台北火聖廟主任委員。,https://councils.g0v.tw/councilors/info/9637c182db1a47bb931f3256d4c9cdcb/2010/
臺北市,陳錦祥,中國國民黨,2006,台北市第七至十屆市議員、第十屆台北市議會副議長、中國國民黨台北市議會黨團書記長。台北市園藝花卉商業同業公會理事長。台北市農會理事監事。陳黃粉文教基金會執行長。,https://councils.g0v.tw/councilors/info/9637c182db1a47bb931f3256d4c9cdcb/2006/
臺北市,陳錦祥,中國國民黨,2002,臺北市議會國民黨團書記長、副書記長。臺北市議會交通、工務、財建委員會召集人。臺北市園藝花卉商業同業公會理事長。臺北市農會理監事。大安區體育會羽球委員會主任委員。陳黃粉文教基金會執行長、臺北市直轄市議會第七、八屆議員。,https://councils.g0v.tw/councilors/info/9637c182db1a47bb931f3256d4c9cdcb/2002/
臺北市,陳錦祥,中國國民黨,1998,中華民國造園會理事。臺北市農會監事。臺北市園藝花卉商業公會理事長。臺北市勞資爭議仲裁委員。大安區調解委員會委員。私立復興中學家長會副會長。協和工商校友會副會長。大安區羽球委員會主任委員。陳黃粉文教基金會執行長。慈濟功德會委員。臺北市直轄市議會第七屆議員。,https://councils.g0v.tw/councilors/info/9637c182db1a47bb931f3256d4c9cdcb/1998/
臺北市,陳錦祥,中國國民黨,1994,中華民國造園學會理事。陳黃粉文教基金會執行長。大安區調解委員會委員。兵役協會委員。臺北市勞資爭議仲裁委員。臺北市復興小學家長會委員。協和工商校友會副會長。臺北市農會理事長特別助理。臺北市議員陳俊雄服務處主任。北市園藝花會商業公會理事長。,https://councils.g0v.tw/councilors/info/9637c182db1a47bb931f3256d4c9cdcb/1994/
雲林縣,王士壬,臺灣團結聯盟,2014,土庫鎮農會第九屆理事。,https://councils.g0v.tw/councilors/info/cc6050ded4d04982b7d8105c29960c44/2014/
雲林縣,王士壬,臺灣團結聯盟,2009,土庫鎮第11.12.15.16屆鎮民代表、土庫鎮農會第九屆理事、雲林縣議會第15.16屆議員。,https://councils.g0v.tw/councilors/info/cc6050ded4d04982b7d8105c29960c44/2009/
雲林縣,王鐵道,無黨籍,2009,"雲林縣農田水利會小組長、西螺鎮鎮民代表會代表、西螺國際同濟會會長、西螺振興福德慈善會會長、雲林後備憲兵交通指揮隊創隊長、現任:雲林縣議會第16屆縣議員、雲林縣後備憲兵聯絡中心2008-2009主任委員、雲林縣太原宗親會理事長、西螺太元寺觀音媽會會長、西螺農工文教基金會常務理事、西螺警察分局、西螺民防分隊分隊長、西螺奉天宮管理委員會副主任委員、西螺廣聖宮管理委員會副主任委員、雲林縣新聞記者公會顧問   。",https://councils.g0v.tw/councilors/info/083b4a1c32c1484995b088955d78395c/2009/
雲林縣,王鐵道,無黨籍,2009,"雲林縣農田水利會小組長、西螺鎮鎮民代表會代表、西螺國際同濟會會長、西螺振興福德慈善會會長、雲林後備憲兵交通指揮隊創隊長、現任:雲林縣議會第16屆縣議員、雲林縣後備憲兵聯絡中心2008-2009主任委員、雲林縣太原宗親會理事長、西螺太元寺觀音媽會會長、西螺農工文教基金會常務理事、西螺警察分局、西螺民防分隊分隊長、西螺奉天宮管理委員會副主任委員、西螺廣聖宮管理委員會副主任委員、雲林縣新聞記者公會顧問   。",https://councils.g0v.tw/councilors/info/083b4a1c32c1484995b088955d78395c/2009/
雲林縣,陳俊龍,無黨籍,2014,雲林農田水利會第三.四屆會務委員,https://councils.g0v.tw/councilors/info/d1dfdf51585e4bda9b54376c49bc82e8/2014/
雲林縣,陳俊龍,無黨籍,2014,雲林農田水利會第三.四屆會務委員,https://councils.g0v.tw/councilors/info/d1dfdf51585e4bda9b54376c49bc82e8/2014/
雲林縣,黃鈺惠,無黨籍,2014,虎尾鎮農會辦事員,https://councils.g0v.tw/councilors/info/cc54c7d05c7a41e8a9eaf4d052d0df2c/2014/
雲林縣,陳瑞雄,中國國民黨,2009,虎尾鎮第13.14屆鎮民代表、雲林縣第13.15.16屆縣議員、台灣省農會第15屆理事、雲林鳳凰志工大隊副大隊長、崇德國中校友會理事長、雲林縣農會常務監事16屆。,https://councils.g0v.tw/councilors/info/7241b04fe5af4ead865d98f28af56f0f/2009/
雲林縣,陳瑞雄,中國國民黨,2014,雲林縣農會第十六,https://councils.g0v.tw/councilors/info/7241b04fe5af4ead865d98f28af56f0f/2014/
雲林縣,蔡東富,無黨籍,2009,斗南國際獅子會會長、斗南國小家長會會長、斗南體育會理事長、雲林縣農會理事、斗南鎮民代表會主席。,https://councils.g0v.tw/councilors/info/cc5f63099cd14412a4ce1ed78c866246/2009/
雲林縣,蔡東富,無黨籍,2014,雲林縣農會理事,https://councils.g0v.tw/councilors/info/cc5f63099cd14412a4ce1ed78c866246/2014/
南投縣,王彩雲,中國國民黨,2009,埔里鎮農會理事。國民黨埔里鎮黨部委員。,https://councils.g0v.tw/councilors/info/af85ce6b1c2b4c1e9b43b512a7467a8b/2009/
南投縣,洪明科,無黨籍,2014,南投市農會理事長,https://councils.g0v.tw/councilors/info/a15f6fffe89b4bc6af421b0c697072c2/2014/
新竹縣,鄭美琴,無黨籍,2009,竹北市農會職員,https://councils.g0v.tw/councilors/info/4a48a7a671c3438095419fa77648007b/2009/
新竹縣,鄭美琴,無黨籍,2014,新竹縣竹北市農會職員,https://councils.g0v.tw/councilors/info/4a48a7a671c3438095419fa77648007b/2014/
新竹縣,范坤松,中國國民黨,2014,新竹縣農會第十一屆理事,https://councils.g0v.tw/councilors/info/09ef5774f1894c459d320b7e2e9342cd/2014/
